Country/Region,Continent,Population,TotalCases,NewCases,TotalDeaths,NewDeaths,TotalRecovered,NewRecovered,ActiveCases,"Serious,Critical",Tot Cases/1M pop,Deaths/1M pop,TotalTests,Tests/1M pop,WHO Region
usa,north america,331198130.0,5032179,1980.5,162804.0,300.0,2576668.0,1706.0,2292707.0,18296.0,15194.0,492.0,63139605.0,190640.0,americas
brazil,south america,212710692.0,2917562,1980.5,98644.0,300.0,2047660.0,1706.0,771258.0,8318.0,13716.0,464.0,13206188.0,62085.0,americas
india,asia,1381344997.0,2025409,1980.5,41638.0,300.0,1377384.0,1706.0,606387.0,8944.0,1466.0,30.0,22149351.0,16035.0,south-eastasia
russia,europe,145940924.0,871894,1980.5,14606.0,300.0,676357.0,1706.0,180931.0,2300.0,5974.0,100.0,29716907.0,203623.0,europe
south africa,africa,59381566.0,538184,1980.5,9604.0,300.0,387316.0,1706.0,141264.0,539.0,9063.0,162.0,3149807.0,53044.0,africa
mexico,north america,129066160.0,462690,6590.0,50517.0,819.0,308848.0,4140.0,103325.0,3987.0,3585.0,391.0,1056915.0,8189.0,americas
peru,south america,33016319.0,455409,1980.5,20424.0,300.0,310337.0,1706.0,124648.0,1426.0,13793.0,619.0,2493429.0,75521.0,americas
chile,south america,19132514.0,366671,1980.5,9889.0,300.0,340168.0,1706.0,16614.0,1358.0,19165.0,517.0,1760615.0,92022.0,americas
colombia,south america,50936262.0,357710,1980.5,11939.0,300.0,192355.0,1706.0,153416.0,1493.0,7023.0,234.0,1801835.0,35374.0,americas
spain,europe,46756648.0,354530,1980.5,28500.0,300.0,58878.980487804874,1706.0,27664.32682926829,617.0,7582.0,610.0,7064329.0,151087.0,europe
iran,asia,84097623.0,320117,1980.5,17976.0,300.0,277463.0,1706.0,24678.0,4156.0,3806.0,214.0,2612763.0,31068.0,easternmediterranean
uk,europe,67922029.0,308134,1980.5,46413.0,300.0,58878.980487804874,1706.0,27664.32682926829,73.0,4537.0,683.0,17515234.0,257873.0,europe
saudi arabia,asia,34865919.0,284226,1980.5,3055.0,300.0,247089.0,1706.0,34082.0,1915.0,8152.0,88.0,3635705.0,104277.0,easternmediterranean
pakistan,asia,221295851.0,281863,1980.5,6035.0,300.0,256058.0,1706.0,19770.0,809.0,1274.0,27.0,2058872.0,9304.0,easternmediterranean
bangladesh,asia,164851401.0,249651,1980.5,3306.0,300.0,143824.0,1706.0,102521.0,534.3934426229508,1514.0,20.0,1225124.0,7432.0,south-eastasia
italy,europe,60452568.0,249204,1980.5,35187.0,300.0,201323.0,1706.0,12694.0,42.0,4122.0,582.0,7099713.0,117443.0,europe
turkey,asia,84428331.0,237265,1980.5,5798.0,300.0,220546.0,1706.0,10921.0,580.0,2810.0,69.0,5081802.0,60191.0,europe
argentina,south america,45236884.0,228195,1980.5,4251.0,300.0,99852.0,1706.0,124092.0,1150.0,5044.0,94.0,794544.0,17564.0,americas
germany,europe,83811260.0,215210,1980.5,9252.0,300.0,196200.0,1706.0,9758.0,236.0,2568.0,110.0,8586648.0,102452.0,europe
france,europe,65288306.0,195633,1980.5,30312.0,300.0,82460.0,1706.0,82861.0,384.0,2996.0,464.0,3992206.0,61147.0,europe
iraq,asia,40306025.0,140603,1980.5,5161.0,300.0,101025.0,1706.0,34417.0,517.0,3488.0,128.0,1092741.0,27111.0,easternmediterranean
philippines,asia,109722719.0,119460,1980.5,2150.0,300.0,66837.0,1706.0,50473.0,239.0,1089.0,20.0,1669996.0,15220.0,westernpacific
indonesia,asia,273808365.0,118753,1980.5,5521.0,300.0,75645.0,1706.0,37587.0,534.3934426229508,434.0,20.0,1633156.0,5965.0,south-eastasia
canada,north america,37775022.0,118561,1980.5,8966.0,300.0,103106.0,1706.0,6489.0,2263.0,3139.0,237.0,4319172.0,114339.0,americas
qatar,asia,2807805.0,112092,1980.5,178.0,300.0,108831.0,1706.0,3083.0,77.0,39922.0,63.0,511000.0,181993.0,easternmediterranean
kazakhstan,asia,18798667.0,95942,1980.5,1058.0,300.0,68871.0,1706.0,26013.0,221.0,5104.0,56.0,2163713.0,115099.0,europe
egypt,africa,102516525.0,95006,1980.5,4951.0,300.0,48898.0,1706.0,41157.0,41.0,927.0,48.0,135000.0,1317.0,easternmediterranean
ecuador,south america,17668824.0,90537,1980.5,5877.0,300.0,71318.0,1706.0,13342.0,378.0,5124.0,333.0,258582.0,14635.0,americas
bolivia,south america,11688459.0,86423,1282.0,3465.0,80.0,27373.0,936.0,55585.0,71.0,7394.0,296.0,183583.0,15706.0,americas
sweden,europe,10105596.0,81967,1980.5,5766.0,300.0,58878.980487804874,1706.0,27664.32682926829,38.0,8111.0,571.0,863315.0,85429.0,europe
oman,asia,5118446.0,80713,1980.5,492.0,300.0,70910.0,1706.0,9311.0,177.0,15769.0,96.0,309212.0,60411.0,easternmediterranean
israel,asia,9197590.0,79559,1980.5,576.0,300.0,53427.0,1706.0,25556.0,358.0,8650.0,63.0,1872453.0,203581.0,europe
ukraine,europe,43705858.0,76808,1980.5,1819.0,300.0,42524.0,1706.0,32465.0,158.0,1757.0,42.0,1116641.0,25549.0,europe
dominican republic,north america,10858648.0,76536,1980.5,1246.0,300.0,40539.0,1706.0,34751.0,317.0,7048.0,115.0,281926.0,25963.0,americas
panama,north america,4321282.0,71418,1980.5,1574.0,300.0,45658.0,1706.0,24186.0,161.0,16527.0,364.0,240995.0,55769.0,americas
belgium,europe,11594739.0,71158,1980.5,9859.0,300.0,17661.0,1706.0,43638.0,61.0,6137.0,850.0,1767120.0,152407.0,europe
kuwait,asia,4276658.0,70045,1980.5,469.0,300.0,61610.0,1706.0,7966.0,127.0,16378.0,110.0,522200.0,122105.0,easternmediterranean
belarus,europe,9449001.0,68503,1980.5,580.0,300.0,63756.0,1706.0,4167.0,534.3934426229508,7250.0,61.0,1344303.0,142269.0,europe
uae,asia,9902079.0,61845,1980.5,354.0,300.0,55739.0,1706.0,5752.0,534.3934426229508,6246.0,36.0,5262658.0,531470.0,easternmediterranean
romania,europe,19224023.0,57895,1980.5,2566.0,300.0,28992.0,1706.0,26337.0,458.0,3012.0,133.0,1319369.0,68631.0,europe
netherlands,europe,17138756.0,56982,1980.5,6153.0,300.0,58878.980487804874,1706.0,27664.32682926829,37.0,3325.0,359.0,1079860.0,63007.0,europe
singapore,asia,5854932.0,54555,1980.5,27.0,300.0,48031.0,1706.0,6497.0,534.3934426229508,9318.0,5.0,1474372.0,251817.0,westernpacific
guatemala,north america,17946899.0,54339,1980.5,2119.0,300.0,42070.0,1706.0,10150.0,5.0,3028.0,118.0,172712.0,9624.0,americas
portugal,europe,10193593.0,52061,1980.5,1743.0,300.0,37840.0,1706.0,12478.0,42.0,5107.0,171.0,1705474.0,167308.0,europe
poland,europe,37842302.0,49515,1980.5,1774.0,300.0,35642.0,1706.0,12099.0,72.0,1308.0,47.0,2374686.0,62752.0,europe
nigeria,africa,206606300.0,45244,1980.5,930.0,300.0,32430.0,1706.0,11884.0,7.0,219.0,5.0,306894.0,1485.0,africa
honduras,north america,9919704.0,45098,1980.5,1423.0,300.0,6116.0,1706.0,37559.0,52.0,4546.0,143.0,109292.0,11018.0,americas
bahrain,asia,1706669.0,42889,1980.5,156.0,300.0,39945.0,1706.0,2788.0,41.0,25130.0,91.0,876700.0,513691.0,easternmediterranean
japan,asia,126435859.0,42263,1980.5,1026.0,300.0,28877.0,1706.0,12360.0,115.0,334.0,8.0,938739.0,7425.0,westernpacific
armenia,asia,2963811.0,39819,1980.5,772.0,300.0,31556.0,1706.0,7491.0,534.3934426229508,13435.0,260.0,171600.0,57898.0,europe
ghana,africa,31133483.0,39642,1980.5,199.0,300.0,36384.0,1706.0,3059.0,7.0,1273.0,6.0,405817.0,13035.0,africa
kyrgyzstan,asia,6534479.0,38659,1980.5,1447.0,300.0,30099.0,1706.0,7113.0,24.0,5916.0,221.0,267718.0,40970.0,europe
afghanistan,asia,39009447.0,36896,1980.5,1298.0,300.0,25840.0,1706.0,9758.0,31.0,946.0,33.0,90396.0,2317.0,easternmediterranean
switzerland,europe,8660952.0,36108,1980.5,1985.0,300.0,31600.0,1706.0,2523.0,23.0,4169.0,229.0,822764.0,94997.0,europe
algeria,africa,43926079.0,33626,1980.5,1273.0,300.0,23238.0,1706.0,9115.0,57.0,766.0,29.0,1402404.7015706806,83959.3664921466,africa
azerbaijan,asia,10148243.0,33247,1980.5,479.0,300.0,29275.0,1706.0,3493.0,66.0,3276.0,47.0,766179.0,75499.0,europe
morocco,africa,36953359.0,29644,1980.5,449.0,300.0,20553.0,1706.0,8642.0,31.0,802.0,12.0,1383816.0,37448.0,easternmediterranean
uzbekistan,asia,33516027.0,28315,1980.5,175.0,300.0,19291.0,1706.0,8849.0,228.0,845.0,5.0,1377915.0,41112.0,europe
serbia,europe,8733665.0,27332,1980.5,621.0,300.0,14047.0,1706.0,12664.0,120.0,3129.0,71.0,723137.0,82799.0,europe
moldova,europe,4032983.0,26628,1980.5,828.0,300.0,18676.0,1706.0,7124.0,362.0,6603.0,205.0,128076.0,31757.0,europe
ireland,europe,4943200.0,26372,1980.5,1768.0,300.0,23364.0,1706.0,1240.0,5.0,5335.0,358.0,652917.0,132084.0,europe
kenya,africa,53881160.0,24411,1980.5,399.0,300.0,10444.0,1706.0,13568.0,44.0,453.0,7.0,335318.0,6223.0,africa
venezuela,south america,28427499.0,22299,1980.5,195.0,300.0,12146.0,1706.0,9958.0,42.0,784.0,7.0,1567431.0,55138.0,americas
nepal,asia,29186486.0,21750,1980.5,65.0,300.0,15389.0,1706.0,6296.0,534.3934426229508,745.0,2.0,731977.0,25079.0,south-eastasia
austria,europe,9011577.0,21696,1980.5,719.0,300.0,19596.0,1706.0,1381.0,25.0,2408.0,80.0,937275.0,104008.0,europe
costa rica,north america,5098730.0,21070,1980.5,200.0,300.0,7038.0,1706.0,13832.0,103.0,4132.0,39.0,96110.0,18850.0,americas
ethiopia,africa,115223736.0,20900,1980.5,365.0,300.0,9027.0,1706.0,11508.0,185.0,181.0,3.0,468814.0,4069.0,africa
australia,australia/oceania,25528864.0,19890,1980.5,255.0,300.0,10941.0,1706.0,8694.0,52.0,779.0,10.0,4631419.0,181419.0,westernpacific
el salvador,north america,6489514.0,19126,1980.5,513.0,300.0,9236.0,1706.0,9377.0,509.0,2947.0,79.0,251271.0,38720.0,americas
czechia,europe,10711019.0,17731,1980.5,390.0,300.0,12320.0,1706.0,5021.0,17.0,1655.0,36.0,728670.0,68030.0,europe
cameroon,africa,26606188.0,17718,1980.5,391.0,300.0,15320.0,1706.0,2007.0,30.0,666.0,15.0,149000.0,5600.0,africa
ivory coast,africa,26437950.0,16447,1980.5,103.0,300.0,12484.0,1706.0,3860.0,534.3934426229508,622.0,4.0,104584.0,3956.0,africa
s. korea,asia,51273732.0,14519,20.0,303.0,1.0,13543.0,42.0,673.0,18.0,283.0,6.0,1613652.0,31471.0,westernpacific
denmark,europe,5794279.0,14306,1980.5,617.0,300.0,12787.0,1706.0,902.0,2.0,2469.0,106.0,1654512.0,285542.0,europe
palestine,asia,5112340.0,13398,1980.5,92.0,300.0,6907.0,1706.0,6399.0,534.3934426229508,2621.0,18.0,200280.0,39176.0,easternmediterranean
bosnia and herzegovina,europe,3278650.0,13396,1980.5,384.0,300.0,7042.0,1706.0,5970.0,534.3934426229508,4086.0,117.0,147021.0,44842.0,europe
bulgaria,europe,6942854.0,13014,1980.5,435.0,300.0,7374.0,1706.0,5205.0,47.0,1874.0,63.0,294087.0,42358.0,europe
madagascar,africa,27755708.0,12526,1980.5,134.0,300.0,10148.0,1706.0,2244.0,88.0,451.0,5.0,46301.0,1668.0,africa
sudan,africa,43943536.0,11780,1980.5,763.0,300.0,6194.0,1706.0,4823.0,534.3934426229508,268.0,17.0,401.0,9.0,easternmediterranean
north macedonia,europe,2083365.0,11399,1980.5,517.0,300.0,7480.0,1706.0,3402.0,3.0,5471.0,248.0,109946.0,52773.0,europe
senegal,africa,16783877.0,10715,1980.5,223.0,300.0,7101.0,1706.0,3391.0,33.0,638.0,13.0,114761.0,6838.0,africa
norway,europe,5425471.0,9468,1980.5,256.0,300.0,8857.0,1706.0,355.0,3.0,1745.0,47.0,472841.0,87152.0,europe
drc,africa,89802183.0,9309,1980.5,215.0,300.0,8048.0,1706.0,1046.0,534.3934426229508,104.0,2.0,1402404.7015706806,83959.3664921466,africa
malaysia,asia,32406372.0,9038,1980.5,125.0,300.0,8713.0,1706.0,200.0,2.0,279.0,4.0,991333.0,30591.0,westernpacific
french guiana,south america,299385.0,8127,1980.5,47.0,300.0,7240.0,1706.0,840.0,23.0,27146.0,157.0,41412.0,138324.0,unknown
gabon,africa,2230563.0,7787,1980.5,51.0,300.0,5609.0,1706.0,2127.0,11.0,3491.0,23.0,85369.0,38272.0,africa
tajikistan,asia,9557468.0,7665,1980.5,62.0,300.0,6443.0,1706.0,1160.0,534.3934426229508,802.0,6.0,1402404.7015706806,83959.3664921466,europe
guinea,africa,13164905.0,7664,1980.5,49.0,300.0,6757.0,1706.0,858.0,24.0,582.0,4.0,14407.0,1094.0,africa
haiti,north america,11416103.0,7544,1980.5,171.0,300.0,4832.0,1706.0,2541.0,534.3934426229508,661.0,15.0,18443.0,1616.0,americas
finland,europe,5541604.0,7532,1980.5,331.0,300.0,6980.0,1706.0,221.0,534.3934426229508,1359.0,60.0,389500.0,70287.0,europe
zambia,africa,18430129.0,7164,1980.5,199.0,300.0,5786.0,1706.0,1179.0,534.3934426229508,389.0,11.0,90307.0,4900.0,africa
luxembourg,europe,626952.0,7073,1980.5,119.0,300.0,5750.0,1706.0,1204.0,9.0,11282.0,190.0,623994.0,995282.0,europe
mauritania,africa,4660728.0,6444,1980.5,157.0,300.0,5291.0,1706.0,996.0,3.0,1383.0,34.0,57387.0,12313.0,africa
paraguay,south america,7141091.0,6375,1980.5,66.0,300.0,4974.0,1706.0,1335.0,23.0,893.0,9.0,135277.0,18943.0,americas
albania,europe,2877470.0,6016,1980.5,188.0,300.0,3155.0,1706.0,2673.0,23.0,2091.0,65.0,38997.0,13553.0,europe
lebanon,asia,6822220.0,5672,1980.5,70.0,300.0,1974.0,1706.0,3628.0,46.0,831.0,10.0,345268.0,50609.0,easternmediterranean
croatia,europe,4102577.0,5404,1980.5,155.0,300.0,4688.0,1706.0,561.0,7.0,1317.0,38.0,125317.0,30546.0,europe
djibouti,africa,989387.0,5330,1980.5,59.0,300.0,5057.0,1706.0,214.0,534.3934426229508,5387.0,60.0,59909.0,60552.0,easternmediterranean
greece,europe,10417673.0,5123,1980.5,210.0,300.0,1374.0,1706.0,3539.0,14.0,492.0,20.0,619393.0,59456.0,europe
libya,africa,6880353.0,4879,1980.5,107.0,300.0,652.0,1706.0,4120.0,534.3934426229508,709.0,16.0,59699.0,8677.0,easternmediterranean
equatorial guinea,africa,1407001.0,4821,1980.5,83.0,300.0,2182.0,1706.0,2556.0,534.3934426229508,3426.0,59.0,44356.0,31525.0,africa
maldives,asia,541448.0,4680,1980.5,19.0,300.0,2725.0,1706.0,1936.0,12.0,8643.0,35.0,85587.0,158071.0,south-eastasia
car,africa,4837752.0,4620,1980.5,59.0,300.0,1641.0,1706.0,2920.0,2.0,955.0,12.0,29589.0,6116.0,unknown
hungary,europe,9657785.0,4597,1980.5,600.0,300.0,3463.0,1706.0,534.0,8.0,476.0,62.0,352546.0,36504.0,europe
malawi,africa,19174839.0,4491,1980.5,137.0,300.0,2137.0,1706.0,2217.0,4.0,234.0,7.0,33466.0,1745.0,africa
zimbabwe,africa,14883803.0,4339,1980.5,84.0,300.0,1264.0,1706.0,2991.0,534.3934426229508,292.0,6.0,140421.0,9434.0,africa
nicaragua,north america,6632263.0,3902,1980.5,123.0,300.0,2913.0,1706.0,866.0,534.3934426229508,588.0,19.0,1402404.7015706806,83959.3664921466,americas
hong kong,asia,7503041.0,3850,1980.5,46.0,300.0,2458.0,1706.0,1346.0,39.0,513.0,6.0,692430.0,92287.0,westernpacific
congo,africa,5530506.0,3546,1980.5,58.0,300.0,1589.0,1706.0,1899.0,534.3934426229508,641.0,10.0,1402404.7015706806,83959.3664921466,africa
montenegro,europe,628074.0,3480,1980.5,60.0,300.0,2178.0,1706.0,1242.0,534.3934426229508,5541.0,96.0,38427.0,61182.0,europe
thailand,asia,69817894.0,3330,1980.5,58.0,300.0,3148.0,1706.0,124.0,1.0,48.0,0.8,749213.0,10731.0,south-eastasia
somalia,africa,15933012.0,3227,1980.5,93.0,300.0,1728.0,1706.0,1406.0,2.0,203.0,6.0,1402404.7015706806,83959.3664921466,easternmediterranean
mayotte,africa,273419.0,3042,1980.5,39.0,300.0,2738.0,1706.0,265.0,2.0,11126.0,143.0,13000.0,47546.0,unknown
eswatini,africa,1161348.0,2968,1980.5,55.0,300.0,1476.0,1706.0,1437.0,5.0,2556.0,47.0,20784.0,17896.0,africa
sri lanka,asia,21422362.0,2839,1980.5,11.0,300.0,2541.0,1706.0,287.0,1.0,133.0,0.5,166737.0,7783.0,south-eastasia
cuba,north america,11325899.0,2775,1980.5,88.0,300.0,2409.0,1706.0,278.0,4.0,245.0,8.0,285471.0,25205.0,americas
cabo verde,africa,556581.0,2734,1980.5,27.0,300.0,2010.0,1706.0,697.0,534.3934426229508,4912.0,49.0,61633.0,110735.0,africa
namibia,africa,2545264.0,2652,1980.5,15.0,300.0,563.0,1706.0,2074.0,24.0,1042.0,6.0,29233.0,11485.0,africa
mali,africa,20302901.0,2552,1980.5,124.0,300.0,1954.0,1706.0,474.0,534.3934426229508,126.0,6.0,25152.0,1239.0,africa
slovakia,europe,5459915.0,2480,1980.5,29.0,300.0,1824.0,1706.0,627.0,2.0,454.0,5.0,272322.0,49877.0,europe
south sudan,africa,11206572.0,2450,1980.5,47.0,300.0,1175.0,1706.0,1228.0,534.3934426229508,219.0,4.0,12044.0,1075.0,africa
slovenia,europe,2078968.0,2223,1980.5,125.0,300.0,1909.0,1706.0,189.0,2.0,1069.0,60.0,135702.0,65274.0,europe
lithuania,europe,2718121.0,2171,1980.5,81.0,300.0,1656.0,1706.0,434.0,6.0,799.0,30.0,540784.0,198955.0,europe
estonia,europe,1326627.0,2124,1980.5,63.0,300.0,1954.0,1706.0,107.0,534.3934426229508,1601.0,47.0,122880.0,92626.0,europe
mozambique,africa,31333962.0,2120,1980.5,15.0,300.0,795.0,1706.0,1310.0,534.3934426229508,68.0,0.5,65151.0,2079.0,africa
rwanda,africa,12981546.0,2111,1980.5,5.0,300.0,1258.0,1706.0,848.0,534.3934426229508,163.0,0.4,286251.0,22051.0,africa
suriname,south america,587154.0,2096,1980.5,29.0,300.0,1446.0,1706.0,621.0,9.0,3570.0,49.0,2785.0,4743.0,americas
guinea-bissau,africa,1972277.0,2032,1980.5,27.0,300.0,944.0,1706.0,1061.0,5.0,1030.0,14.0,1500.0,761.0,africa
benin,africa,12151976.0,1936,1980.5,38.0,300.0,1600.0,1706.0,298.0,1.0,159.0,3.0,93677.0,7709.0,africa
iceland,europe,341465.0,1930,1980.5,10.0,300.0,1825.0,1706.0,95.0,534.3934426229508,5652.0,29.0,149693.0,438385.0,europe
sierra leone,africa,7992169.0,1877,1980.5,67.0,300.0,1427.0,1706.0,383.0,534.3934426229508,235.0,8.0,1402404.7015706806,83959.3664921466,africa
yemen,asia,29886897.0,1768,1980.5,508.0,300.0,898.0,1706.0,362.0,534.3934426229508,59.0,17.0,120.0,4.0,easternmediterranean
tunisia,africa,11830801.0,1642,1980.5,51.0,300.0,1241.0,1706.0,350.0,9.0,139.0,4.0,100298.0,8478.0,easternmediterranean
new zealand,australia/oceania,5002100.0,1569,1980.5,22.0,300.0,1524.0,1706.0,23.0,534.3934426229508,314.0,4.0,486943.0,97348.0,westernpacific
angola,africa,32956300.0,1483,1980.5,64.0,300.0,520.0,1706.0,899.0,20.0,45.0,2.0,64747.0,1965.0,africa
uruguay,south america,3474956.0,1318,1980.5,37.0,300.0,1079.0,1706.0,202.0,2.0,379.0,11.0,126956.0,36535.0,americas
latvia,europe,1883936.0,1275,1980.5,32.0,300.0,1070.0,1706.0,173.0,534.3934426229508,677.0,17.0,207909.0,110359.0,europe
jordan,asia,10213138.0,1232,1980.5,11.0,300.0,1171.0,1706.0,50.0,3.0,121.0,1.0,628745.0,61562.0,easternmediterranean
liberia,africa,5068618.0,1224,1980.5,78.0,300.0,705.0,1706.0,441.0,534.3934426229508,241.0,15.0,1402404.7015706806,83959.3664921466,africa
uganda,africa,45867852.0,1223,1980.5,5.0,300.0,1102.0,1706.0,116.0,534.3934426229508,27.0,0.1,288367.0,6287.0,africa
cyprus,asia,1208238.0,1208,1980.5,19.0,300.0,856.0,1706.0,333.0,534.3934426229508,1000.0,16.0,216597.0,179267.0,europe
georgia,asia,3988368.0,1206,1980.5,17.0,300.0,987.0,1706.0,202.0,534.3934426229508,302.0,4.0,240473.0,60294.0,europe
burkina faso,africa,20954852.0,1158,1980.5,54.0,300.0,961.0,1706.0,143.0,534.3934426229508,55.0,3.0,1402404.7015706806,83959.3664921466,africa
niger,africa,24281433.0,1153,1980.5,69.0,300.0,1057.0,1706.0,27.0,534.3934426229508,47.0,3.0,9052.0,373.0,africa
togo,africa,8296582.0,1012,1980.5,22.0,300.0,697.0,1706.0,293.0,2.0,122.0,3.0,45767.0,5516.0,africa
syria,asia,17539600.0,999,1980.5,48.0,300.0,311.0,1706.0,640.0,534.3934426229508,57.0,3.0,1402404.7015706806,83959.3664921466,easternmediterranean
jamaica,north america,2962478.0,958,30.0,12.0,300.0,745.0,1706.0,201.0,534.3934426229508,323.0,4.0,41840.0,14123.0,americas
malta,europe,441663.0,946,1980.5,9.0,300.0,670.0,1706.0,267.0,534.3934426229508,2142.0,20.0,136713.0,309541.0,europe
andorra,europe,77278.0,944,1980.5,52.0,300.0,828.0,1706.0,64.0,1.0,12216.0,673.0,3750.0,48526.0,europe
chad,africa,16467965.0,942,1980.5,76.0,300.0,838.0,1706.0,28.0,534.3934426229508,57.0,5.0,1402404.7015706806,83959.3664921466,africa
gambia,africa,2422754.0,935,1980.5,16.0,300.0,136.0,1706.0,783.0,534.3934426229508,386.0,7.0,5183.0,2139.0,africa
sao tome and principe,africa,219544.0,878,1980.5,15.0,300.0,797.0,1706.0,66.0,534.3934426229508,3999.0,68.0,3079.0,14025.0,africa
botswana,africa,2356075.0,804,1980.5,2.0,300.0,63.0,1706.0,739.0,1.0,341.0,0.8,68423.0,29041.0,africa
bahamas,north america,393616.0,761,1980.5,14.0,300.0,91.0,1706.0,656.0,1.0,1933.0,36.0,4814.0,12230.0,americas
vietnam,asia,97425470.0,747,1980.5,10.0,300.0,392.0,1706.0,345.0,534.3934426229508,8.0,0.1,482456.0,4952.0,westernpacific
lesotho,africa,2143943.0,742,1980.5,23.0,300.0,175.0,1706.0,544.0,534.3934426229508,346.0,11.0,8771.0,4091.0,africa
diamond princess,unknown,30415486.971153848,712,1980.5,13.0,300.0,651.0,1706.0,48.0,4.0,3196.0240384615386,98.68117647058824,1402404.7015706806,83959.3664921466,unknown
san marino,europe,33938.0,699,1980.5,42.0,300.0,657.0,1706.0,0.0,534.3934426229508,20596.0,1238.0,6068.0,178797.0,europe
réunion,africa,895952.0,671,1980.5,5.0,300.0,592.0,1706.0,74.0,3.0,749.0,6.0,35419.0,39532.0,unknown
channel islands,europe,174022.0,597,1980.5,47.0,300.0,533.0,1706.0,17.0,534.3934426229508,3431.0,270.0,30721.0,176535.0,unknown
guyana,south america,786936.0,538,1980.5,22.0,300.0,189.0,1706.0,327.0,2.0,684.0,28.0,5165.0,6563.0,americas
tanzania,africa,59886383.0,509,1980.5,21.0,300.0,183.0,1706.0,305.0,7.0,8.0,0.4,1402404.7015706806,83959.3664921466,africa
taiwan,asia,23821199.0,477,1980.5,7.0,300.0,443.0,1706.0,27.0,534.3934426229508,20.0,0.3,82737.0,3473.0,westernpacific
comoros,africa,871326.0,396,1980.5,7.0,300.0,340.0,1706.0,49.0,534.3934426229508,454.0,8.0,1402404.7015706806,83959.3664921466,africa
burundi,africa,11922216.0,395,1980.5,1.0,300.0,304.0,1706.0,90.0,534.3934426229508,33.0,0.08,15614.0,1310.0,africa
myanmar,asia,54446389.0,357,1980.5,6.0,300.0,308.0,1706.0,43.0,534.3934426229508,7.0,0.1,122290.0,2246.0,south-eastasia
mauritius,africa,1271985.0,344,1980.5,10.0,300.0,334.0,1706.0,0.0,534.3934426229508,270.0,8.0,205285.0,161389.0,africa
isle of man,europe,85078.0,336,1980.5,24.0,300.0,312.0,1706.0,0.0,534.3934426229508,3949.0,282.0,8627.0,101401.0,unknown
mongolia,asia,3283344.0,293,1980.5,3792.590425531915,300.0,260.0,1706.0,33.0,1.0,89.0,98.68117647058824,38334.0,11675.0,westernpacific
eritrea,africa,3551175.0,282,1980.5,3792.590425531915,300.0,225.0,1706.0,57.0,534.3934426229508,79.0,98.68117647058824,1402404.7015706806,83959.3664921466,africa
guadeloupe,north america,400131.0,279,1980.5,14.0,300.0,179.0,1706.0,86.0,534.3934426229508,697.0,35.0,18476.0,46175.0,unknown
martinique,north america,375235.0,276,1980.5,15.0,300.0,98.0,1706.0,163.0,1.0,736.0,40.0,12227.0,32585.0,unknown
faeroe islands,europe,48882.0,266,1980.5,3792.590425531915,300.0,192.0,1706.0,74.0,1.0,5442.0,98.68117647058824,43045.0,880590.0,unknown
aruba,north america,106812.0,263,1980.5,3.0,300.0,114.0,1706.0,146.0,534.3934426229508,2462.0,28.0,14047.0,131511.0,unknown
cambodia,asia,16741375.0,243,1980.5,3792.590425531915,300.0,210.0,1706.0,33.0,1.0,15.0,98.68117647058824,67807.0,4050.0,westernpacific
trinidad and tobago,north america,1399950.0,210,1980.5,8.0,300.0,135.0,1706.0,67.0,534.3934426229508,150.0,6.0,9559.0,6828.0,americas
cayman islands,north america,65798.0,203,1980.5,1.0,300.0,202.0,1706.0,0.0,534.3934426229508,3085.0,15.0,31108.0,472780.0,unknown
gibraltar,europe,33690.0,190,1980.5,3792.590425531915,300.0,184.0,1706.0,6.0,534.3934426229508,5640.0,98.68117647058824,23063.0,684565.0,unknown
papua new guinea,australia/oceania,8963009.0,163,1980.5,3.0,300.0,53.0,1706.0,107.0,534.3934426229508,18.0,0.3,10808.0,1206.0,westernpacific
sint maarten,north america,42924.0,160,1980.5,16.0,300.0,64.0,1706.0,80.0,3.0,3728.0,373.0,1115.0,25976.0,unknown
bermuda,north america,62254.0,157,1980.5,9.0,300.0,144.0,1706.0,4.0,534.3934426229508,2522.0,145.0,26352.0,423298.0,americas
brunei,asia,437893.0,141,1980.5,3.0,300.0,138.0,1706.0,0.0,534.3934426229508,322.0,7.0,41148.0,93968.0,unknown
barbados,north america,287411.0,133,1980.5,7.0,300.0,100.0,1706.0,26.0,534.3934426229508,463.0,24.0,12233.0,42563.0,americas
turks and caicos,north america,38768.0,129,1980.5,2.0,300.0,39.0,1706.0,88.0,3.0,3327.0,52.0,1252.0,32295.0,unknown
seychelles,africa,98408.0,126,1980.5,3792.590425531915,300.0,124.0,1706.0,2.0,534.3934426229508,1280.0,98.68117647058824,1402404.7015706806,83959.3664921466,africa
monaco,europe,39270.0,125,1980.5,4.0,300.0,105.0,1706.0,16.0,2.0,3183.0,102.0,38209.0,972982.0,europe
bhutan,asia,772443.0,105,1980.5,3792.590425531915,300.0,93.0,1706.0,12.0,534.3934426229508,136.0,98.68117647058824,54589.0,70671.0,south-eastasia
antigua and barbuda,north america,98010.0,92,1980.5,3.0,300.0,76.0,1706.0,13.0,1.0,939.0,31.0,1500.0,15305.0,americas
liechtenstein,europe,38139.0,89,1980.5,1.0,300.0,85.0,1706.0,3.0,534.3934426229508,2334.0,26.0,900.0,23598.0,europe
belize,north america,398312.0,86,1980.5,2.0,300.0,31.0,1706.0,53.0,2.0,216.0,5.0,3679.0,9236.0,americas
french polynesia,australia/oceania,281072.0,64,1980.5,3792.590425531915,300.0,62.0,1706.0,2.0,534.3934426229508,228.0,98.68117647058824,5849.0,20810.0,unknown
st. vincent grenadines,north america,110976.0,56,1980.5,3792.590425531915,300.0,46.0,1706.0,10.0,534.3934426229508,505.0,98.68117647058824,2447.0,22050.0,unknown
saint martin,north america,38729.0,53,1980.5,3.0,300.0,41.0,1706.0,9.0,1.0,1368.0,77.0,1183.0,30546.0,unknown
macao,asia,650193.0,46,1980.5,3792.590425531915,300.0,46.0,1706.0,0.0,534.3934426229508,71.0,98.68117647058824,4071.0,6261.0,unknown
curaçao,north america,164161.0,31,1980.5,1.0,300.0,28.0,1706.0,2.0,534.3934426229508,189.0,6.0,1080.0,6579.0,unknown
fiji,australia/oceania,897095.0,27,1980.5,1.0,300.0,18.0,1706.0,8.0,534.3934426229508,30.0,1.0,6693.0,7461.0,westernpacific
saint lucia,north america,183712.0,25,1980.5,3792.590425531915,300.0,24.0,1706.0,1.0,534.3934426229508,136.0,98.68117647058824,3895.0,21202.0,americas
timor-leste,asia,1320812.0,25,1980.5,3792.590425531915,300.0,24.0,1706.0,1.0,534.3934426229508,19.0,98.68117647058824,4238.0,3209.0,south-eastasia
grenada,north america,112576.0,24,1980.5,3792.590425531915,300.0,23.0,1706.0,1.0,534.3934426229508,213.0,98.68117647058824,6252.0,55536.0,americas
new caledonia,australia/oceania,285769.0,22,1980.5,3792.590425531915,300.0,22.0,1706.0,0.0,534.3934426229508,77.0,98.68117647058824,11099.0,38839.0,unknown
laos,asia,7285750.0,20,1980.5,3792.590425531915,300.0,19.0,1706.0,1.0,534.3934426229508,3.0,98.68117647058824,29374.0,4032.0,westernpacific
dominica,north america,72004.0,18,1980.5,3792.590425531915,300.0,18.0,1706.0,0.0,534.3934426229508,250.0,98.68117647058824,1005.0,13958.0,americas
saint kitts and nevis,north america,53237.0,17,1980.5,3792.590425531915,300.0,16.0,1706.0,1.0,534.3934426229508,319.0,98.68117647058824,1146.0,21526.0,americas
greenland,north america,56780.0,14,1980.5,3792.590425531915,300.0,14.0,1706.0,0.0,534.3934426229508,247.0,98.68117647058824,5977.0,105266.0,europe
montserrat,north america,4992.0,13,1980.5,1.0,300.0,10.0,1706.0,2.0,534.3934426229508,2604.0,200.0,61.0,12220.0,unknown
caribbean netherlands,north america,26247.0,13,1980.5,3792.590425531915,300.0,7.0,1706.0,6.0,534.3934426229508,495.0,98.68117647058824,424.0,16154.0,unknown
falkland islands,south america,3489.0,13,1980.5,3792.590425531915,300.0,13.0,1706.0,0.0,534.3934426229508,3726.0,98.68117647058824,1816.0,520493.0,unknown
vatican city,europe,801.0,12,1980.5,3792.590425531915,300.0,12.0,1706.0,0.0,534.3934426229508,14981.0,98.68117647058824,1402404.7015706806,83959.3664921466,europe
western sahara,africa,598682.0,10,1980.5,1.0,300.0,8.0,1706.0,1.0,534.3934426229508,17.0,2.0,1402404.7015706806,83959.3664921466,africa
